grammar_model,style_model,sari,bleu,bert_f1,fkgl,flesch,perplexity
google/flan-t5-small,google/flan-t5-base,43.71477316818883,0.005582972806931087,0.8326506892442703,11.547600000000024,42.58574999999998,180.9301827687025
google/flan-t5-small,sshleifer/distilbart-cnn-12-6,42.29686616914946,0.003587248092657919,0.8265004724264144,7.815000000000003,66.08709,27.124497262477874
facebook/bart-base,google/flan-t5-base,40.24576564785234,0.006872534214036056,0.8259447501301765,13.11900000000005,27.052559999999872,365.1278955411911
facebook/bart-base,sshleifer/distilbart-cnn-12-6,35.81862658261164,0.004208248573359994,0.8274894483089447,9.389500000000014,59.009180000000015,34.51955904960632
