Model,Average Processing Time (s),Average Difference Score
BART Paraphrase,3.6541439056396485,0.1993023296275032
T5 Small,0.3423933982849121,0.897872340425532
BART Base Diversity,2.8633275508880613,0.004081632653061229
